Designator,Footprint,Quantity,Value,LCSC Part #
R3,R_Axial_DIN0207_L6.3mm_D2.5mm_P10.16mm_Horizontal,1,500,
R1,R_Axial_DIN0207_L6.3mm_D2.5mm_P10.16mm_Horizontal,1,500,
U2,DIP-4_W7.62mm,1,PC817,
U3,WEMOS_D1_mini_light,1,WeMos D1 Mini,
U4,DIP-4_W7.62mm,1,PC817,
U1,DIP-4_W7.62mm,1,PC817,
R2,R_Axial_DIN0207_L6.3mm_D2.5mm_P10.16mm_Horizontal,1,500,
J2,TerminalBlock_bornier-2_P5.08mm,1,Screw_Terminal_01x02,
J4,PinHeader_1x02_P2.54mm_Vertical,1,Conn_01x02_Male,
J3,TerminalBlock_bornier-3_P5.08mm,1,Screw_Terminal_01x03,
J5,PinHeader_1x03_P2.54mm_Vertical,1,Conn_01x03_Male,
J1,PinHeader_1x08_P2.54mm_Vertical,1,Conn_01x08_Female,
